<Configuration status="WARN">
    <Appenders>
        <Console name="Lambda">
            <PatternLayout>
                <pattern>%d{yyyy-MM-dd HH:mm:ss} %X{AWSRequestId} %-5p %c{1} - %m%n</pattern>
            </PatternLayout>
        </Console>
    </Appenders>
    <Loggers>
        <Root level="INFO">
            <AppenderRef ref="Lambda"/>
        </Root>
        <Logger name="software.amazon.awssdk" level="WARN" />
        <Logger name="software.amazon.awssdk.request" level="DEBUG" />
    </Loggers>
</Configuration>