<?xml version="1.0"?>
<!DOCTYPE suppressions PUBLIC
        "-//Puppy Crawl//DTD Suppressions 1.1//EN"
        "http://www.puppycrawl.com/dtds/suppressions_1_1.dtd">
<suppressions>
    <!-- at least one project test in non-test dir, non-test package -->
    <suppress checks="(Javadoc|MethodName|AvoidStaticImport)" files=".*Test.java" />
    <suppress checks="(Javadoc|MethodName|AvoidStaticImport)" files=".*Tests.java" />
    <!-- gradle -->
    <suppress checks="(Javadoc|MethodName|AvoidStaticImport)" files="src/test/java" />
    <!-- HT -->
    <suppress checks="(Javadoc|MethodName|AvoidStaticImport)" files="tst/com/amazon" />
    <!-- integration tests -->
    <suppress checks="(Javadoc|MethodName|AvoidStaticImport)" files="src/com/amazon/.*/test/" />
    <suppress checks="EqualsHashCodeCheck" files="_U1/src/com/amazon/ata" />
    <suppress checks="FinalLocalVariable" files="_U1/src/com/amazon/ata" />
    <!-- non-source files in src dirs -->
    <suppress checks=".*" files=".*/resources/.*" />
    <suppress checks=".*" files=".*.docx" />
</suppressions>
